Name,Screen name,Party,Constituency,Followers,New followers in last 24 hours
Alistair Carmichael,@amcarmichaelMP,Liberal Democrat,Orkney and Shetland,20487,-6
Tim Farron,@timfarron,Liberal Democrat,Westmorland and Lonsdale,283904,-17
Munira Wilson,@munirawilson,Liberal Democrat,Twickenham,12488,3
Wera Hobhouse,@Wera_Hobhouse,Liberal Democrat,Bath,20333,9
Christine Jardine,@cajardineMP,Liberal Democrat,Edinburgh West,13411,-3
Daisy Cooper,@libdemdaisy,Liberal Democrat,St Albans,18577,37
Jamie Stone,@Jamie4North,Liberal Democrat,"Caithness, Sutherland and Easter Ross",11741,12
Wendy Chamberlain,@wendychambLD,Liberal Democrat,North East Fife,5480,3
Sarah Olney,@sarahjolney1,Liberal Democrat,Richmond Park,15911,5
Edward Davey,@EdwardJDavey,Liberal Democrat,Kingston and Surbiton,58934,16
Layla Moran,@LaylaMoran,Liberal Democrat,Oxford West and Abingdon,65670,25
Diane Abbott ,@HackneyAbbott,Labour,Hackney North and Stoke Newington,363931,30
David Lammy ,@DavidLammy,Labour,Tottenham,691967,28
Debbie Abrahams ,@Debbie_abrahams,Labour,Oldham East and Saddleworth,51894,12
Ian Lavery ,@IanLaveryMP,Labour,Wansbeck,79054,22
John Cryer,@JohnCryerMP,Labour,Leyton and Wanstead,5671,6
Siobhain McDonagh,@Siobhain_Mc,Labour,Mitcham and Morden,20264,-3
Rushanara Ali ,@rushanaraali,Labour,Bethnal Green and Bow,43196,21
Mark Hendrick,@MpHendrick,Labour,Preston,4922,0
Emma Lewell-Buck ,@EmmaLewellBuck,Labour,South Shields,24306,11
Jonathan Ashworth ,@JonAshworth,Labour,Leicester South,96803,355
Clive Lewis ,@labourlewis,Labour,Norwich South,102355,27
Chris Evans,@Chris_EvansMP,Labour,Islwyn,6554,0
Marie Rimmer ,@MarieRimmer,Labour,St Helens South and Whiston,12871,-2
Hilary Benn ,@hilarybennmp,Labour,Leeds Central,162516,15
Holly Lynch ,@HollyLynch5,Labour,Halifax,22728,9
Steve McCabe ,@steve_mccabe,Labour,"Birmingham, Selly Oak",18058,-1
Wayne David ,@WayneDavid_MP,Labour,Caerphilly,13996,9
Kerry McCarthy ,@KerryMP,Labour,Bristol East,32370,11
Andy McDonald ,@AndyMcDonaldMP,Labour,Middlesbrough,41547,26
Sarah Owen,@SarahOwen_,Labour,Luton North,17218,5
Paul Blomfield ,@PaulBlomfieldMP,Labour,Sheffield Central,21435,10
John McDonnell ,@johnmcdonnellMP,Labour,Hayes and Harlington,288749,73
Pat McFadden ,@patmcfaddenmp,Labour,Wolverhampton South East,24506,6
Conor McGinn ,@ConorMcGinn,Labour,St Helens North,17231,1
Alison McGovern ,@Alison_McGovern,Labour,Wirral South,54209,10
Ben Bradshaw ,@BenPBradshaw,Labour,Exeter,71667,-6
Kevin Brennan ,@KevinBrennanMP,Labour,Cardiff West,24828,41
Catherine McKinnell ,@CatMcKinnell,Labour,Newcastle upon Tyne North,28491,3
Justin Madders ,@justinmadders,Labour,Ellesmere Port and Neston,25434,54
Florence Eshalomi,@FloEshalomi,Labour,Vauxhall,24529,13
Lyn Brown ,@lynbrownmp,Labour,West Ham,13285,4
Shabana Mahmood ,@ShabanaMahmood,Labour,"Birmingham, Ladywood",22334,1
Karen Buck ,@KarenPBuckMP,Labour,Westminster North,17367,-2
Seema Malhotra ,@SeemaMalhotra1,Labour,Feltham and Heston,24863,-2
Jim McMahon ,@JimfromOldham,Labour,Oldham West and Royton,25580,4
Richard Burgon ,@RichardBurgon,Labour,Leeds East,125786,127
Tahir Ali,@TahirAliMP,Labour,"Birmingham, Hall Green",2766,1
Dawn Butler ,@DawnButlerBrent,Labour,Brent Central,151831,31
Rachael Maskell ,@RachaelMaskell,Labour,York Central,27869,4
Liam Byrne ,@liambyrnemp,Labour,"Birmingham, Hodge Hill",36369,2
Ruth Cadbury ,@RuthCadbury,Labour,Brentford and Isleworth,22143,4
Christian Matheson ,@ChrisM4Chester,Labour,City of Chester,14230,7
Gill Furniss ,@GillFurnissMP,Labour,"Sheffield, Brightside and Hillsborough",6300,1
Olivia Frances Blake,@_OliviaBlake,Labour,"Sheffield, Hallam",13276,7
Chris Elmore ,@CPJElmore,Labour,Ogmore,10286,-3
Alan Campbell ,@alancampbellmp,Labour,Tynemouth,5930,4
Ian Mearns ,@IanMearnsMP,Labour,Gateshead,27831,6
Edward Miliband ,@Ed_Miliband,Labour,Doncaster North,779962,-42
Nadia Whittome,@NadiaWhittomeMP,Labour,Nottingham East,64813,71
Sarah Champion ,@SarahChampionMP,Labour,Rotherham,47336,13
Dr Rosena Allin-Khan ,@DrRosena,Labour,Tooting,185042,290
Tracy Brabin ,@TracyBrabin,Labour,Batley and Spen,54287,15
Jessica Morden ,@jessicamordenmp,Labour,Newport East,13238,2
Grahame Morris ,@grahamemorris,Labour,Easington,32328,3
Alex Davies-Jones,@AlexDaviesJones,Labour,Pontypridd,6925,5
Ian Murray ,@IanMurrayMP,Labour,Edinburgh South,32205,12
Rosie Cooper ,@rosie4westlancs,Labour,West Lancashire,13607,1
Yvette Cooper ,@YvetteCooperMP,Labour,"Normanton, Pontefract and Castleford",307791,105
Mike Amesbury,@MikeAmesburyMP,Labour,Weaver Vale,10281,15
Lisa Nandy ,@lisanandy,Labour,Wigan,207617,0
Nav Mishra,@NavPMishra,Labour,Stockport,10497,2
Tonia Antoniazzi,@ToniaAntoniazzi,Labour,Gower,14415,2
Neil Coyle ,@coyleneil,Labour,Bermondsey and Old Southwark,26097,8
Chi Onwurah ,@ChiOnwurah,Labour,Newcastle upon Tyne Central,44729,11
Stella Creasy ,@stellacreasy,Labour,Walthamstow,142153,-5
Kate Osamor ,@KateOsamor,Labour,Edmonton,35013,10
Judith Cummins ,@JudithCummins,Labour,Bradford South,14206,7
Alex Cunningham ,@ACunninghamMP,Labour,Stockton North,21199,3
Kate Osborne,@KateOsborneMP,Labour,Jarrow,10850,6
Geraint Davies ,@GeraintDaviesMP,Labour,Swansea West,15253,0
Ian Byrne,@IanByrneMP,Labour,"Liverpool, West Derby",26349,32
Matthew Pennycook ,@mtpennycook,Labour,Greenwich and Woolwich,21181,9
Fleur Anderson,@PutneyFleur,Labour,Putney,11167,13
Toby Perkins ,@tobyperkinsmp,Labour,Chesterfield,27668,0
Dan Carden,@DanCardenMP,Labour,"Liverpool, Walton",48068,44
Mary Foy,@marykfoy,Labour,City of Durham,11865,5
Thangam Debbonaire ,@ThangamMP,Labour,Bristol West,28225,10
Bambos Charalambous,@Bambos_MP,Labour,"Enfield, Southgate",9374,11
Jess Phillips ,@jessphillips,Labour,"Birmingham, Yardley",410753,205
Bridget Phillipson ,@bphillipsonMP,Labour,Houghton and Sunderland South,35687,1
Rachel Hopkins,@rach_hopkins,Labour,Luton South,7232,3
Lucy Powell ,@LucyMPowell,Labour,Manchester Central,57073,-1
Marsha de Cordova,@MarshadeCordova,Labour,Battersea,37737,25
Stephen Doughty ,@SDoughtyMP,Labour,Cardiff South and Penarth,34258,7
Tanmanjit Singh Dhesi,@TanDhesi,Labour,Slough,80690,37
Peter Dowd ,@Peter_Dowd,Labour,Bootle,15863,9
Taiwo Owatemi,@TaiwoOwatemi,Labour,Coventry North West,16889,2
Jack Dromey ,@JackDromeyMP,Labour,"Birmingham, Erdington",24674,3
Anneliese Dodds,@AnnelieseDodds,Labour,Oxford East,59622,74
Kim Johnson,@KimJohnsonMP,Labour,"Liverpool, Riverside",13094,12
Yasmin Qureshi ,@YasminQureshiMP,Labour,Bolton South East,21795,9
Angela Rayner ,@AngelaRayner,Labour,Ashton-under-Lyne,272009,131
Rosie Duffield,@RosieDuffield1,Labour,Canterbury,33455,2
Angela Eagle ,@angelaeagle,Labour,Wallasey,75903,-4
Maria Eagle ,@meaglemp,Labour,Garston and Halewood,48048,4
Steve Reed ,@SteveReedMP,Labour,Croydon North,33798,-2
Clive Efford ,@CliveEfford,Labour,Eltham,13954,0
Christina Rees ,@Rees4Neath,Labour,Neath,11101,6
Julie Elliott ,@JulieElliottMP,Labour,Sunderland Central,20686,15
Rachel Reeves ,@RachelReevesMP,Labour,Leeds West,98536,80
Jonathan Reynolds ,@jreynoldsMP,Labour,Stalybridge and Hyde,47898,19
Zarah Sultana,@zarahsultana,Labour,Coventry South,123388,858
Bill Esterson ,@Bill_Esterson,Labour,Sefton Central,31813,12
Preet Gill,@PreetKGillMP,Labour,"Birmingham, Edgbaston",34757,10
Sam Tarry,@SamTarry,Labour,Ilford South,20939,14
Mary Glindon,@GlindonMary,Labour,North Tyneside,647,3
Feryal Clark,@FeryalClark,Labour,Enfield North,10028,2
Naz Shah ,@NazShahBfd,Labour,Bradford West,47353,-1
Mick Whitley,@MickWhitleyMP,Labour,Birkenhead,10654,3
Beth Winter,@BethWinterMP,Labour,Cynon Valley,7848,8
Virendra Sharma ,@VirendraSharma,Labour,"Ealing, Southall",19525,1
Barry Sheerman ,@BarrySheerman,Labour,Huddersfield,21498,-5
Yvonne Fovargue ,@Y_FovargueMP,Labour,Makerfield,13629,3
Fabian Hamilton,@FabianLeedsNE,Labour,Leeds North East,6203,1
Emma Hardy,@EmmaHardyMP,Labour,Kingston upon Hull West and Hessle,27778,7
James Murray,@jamesmurray_ldn,Labour,Ealing North,8424,17
Vicky Foxcroft ,@vickyfoxcroft,Labour,"Lewisham, Deptford",19853,13
Abena Oppong-Asare,@abenaopp,Labour,Erith and Thamesmead,15145,5
Paula Barker,@PaulaBarkerMP,Labour,"Liverpool, Wavertree",13179,3
Tulip Siddiq ,@TulipSiddiq,Labour,Hampstead and Kilburn,155027,6
Andy Slaughter ,@hammersmithandy,Labour,Hammersmith,25622,0
Mike Hill,@MikeHillMP,Labour,Hartlepool,3390,2
Barry Gardiner ,@BarryGardiner,Labour,Brent North,92155,2
Cat Smith ,@CatSmithMP,Labour,Lancaster and Fleetwood,40363,-1
Apsana Begum,@ApsanaBegumMP,Labour,Poplar and Limehouse,18274,30
Jeff Smith ,@JeffSmithetc,Labour,"Manchester, Withington",10489,3
Bell Ribeiro-Addy,@BellRibeiroAddy,Labour,Streatham,41240,37
Nick Smith ,@BlaenauGwentMP,Labour,Blaenau Gwent,9696,2
Charlotte Nichols,@charlotte2153,Labour,Warrington North,21074,13
Karin Smyth ,@karinsmyth,Labour,Bristol South,12149,5
Darren Jones,@darrenpjones,Labour,Bristol North West,28353,7
Sarah Jones,@LabourSJ,Labour,Croydon Central,19267,52
John Spellar ,@spellar,Labour,Warley,10637,2
Afzal Khan,@Afzal4Gorton,Labour,"Manchester, Gorton",27356,10
Keir Starmer ,@Keir_Starmer,Labour,Holborn and St Pancras,1108779,-68
Jo Stevens ,@JoStevensLabour,Labour,Cardiff Central,32515,-2
Wes Streeting ,@wesstreeting,Labour,Ilford North,73313,11
Kate Green ,@KateGreenSU,Labour,Stretford and Urmston,49352,2
Lilian Greenwood ,@LilianGreenwood,Labour,Nottingham South,29000,4
Margaret Greenwood ,@MGreenwoodWW,Labour,Wirral West,21345,4
Nia Griffith ,@NiaGriffithMP,Labour,Llanelli,17750,1
Tony Lloyd,@tony4rochdale,Labour,Rochdale,8902,6
Mark Tami ,@MarkTamiMP,Labour,Alyn and Deeside,9250,4
Rebecca Long-Bailey,@RLong_Bailey,Labour,Salford and Eccles,182308,85
Andrew Gwynne ,@GwynneMP,Labour,Denton and Reddish,49176,-4
Gareth Thomas ,@GarethThomasMP,Labour,Harrow West,16429,4
Nick Thomas-Symonds ,@NickTorfaen,Labour,Torfaen,28810,14
Louise Haigh ,@LouHaigh,Labour,"Sheffield, Heeley",45582,15
Emily Thornberry ,@EmilyThornberry,Labour,Islington South and Finsbury,214615,12
Stephen Timms ,@stephenctimms,Labour,East Ham,17311,1
Anna McMorrin,@AnnaMcMorrin,Labour,Cardiff North,15877,6
Harriet Harman QC ,@HarrietHarman,Labour,Camberwell and Peckham,179017,8
Jon Trickett ,@jon_trickett,Labour,Hemsworth,38605,141
Stephen Morgan,@StephenMorganMP,Labour,Portsmouth South,12452,5
Carolyn Harris ,@carolynharris24,Labour,Swansea East,24958,2
Alex Norris,@AlexNorrisNN,Labour,Nottingham North,7139,4
Karl Turner ,@KarlTurnerMP,Labour,Kingston upon Hull East,33536,-5
Helen Hayes ,@helenhayes_,Labour,Dulwich and West Norwood,21942,1
Derek Twigg ,@DerekTwiggMP,Labour,Halton,6993,8
John Healey ,@JohnHealey_MP,Labour,Wentworth and Dearne,28975,-1
Stephanie Peacock,@Steph_Peacock,Labour,Barnsley East,9486,-1
Valerie Vaz ,@Valerie_VazMP,Labour,Walsall South,7653,11
Luke Pollard,@LukePollard,Labour,"Plymouth, Sutton and Devonport",34725,53
Meg Hillier ,@Meg_HillierMP,Labour,Hackney South and Shoreditch,19962,11
Margaret Hodge ,@margarethodge,Labour,Barking,48278,-6
Catherine West ,@CatherineWest1,Labour,Hornsey and Wood Green,30312,12
Sharon Hodgson ,@SharonHodgsonMP,Labour,Washington and Sunderland West,34437,7
Ellie Reeves,@elliereeves,Labour,Lewisham West and Penge,21617,22
Kate Hollern ,@Kate_HollernMP,Labour,Blackburn,8400,5
Dr Alan Whitehead ,@alanwhiteheadmp,Labour,"Southampton, Test",8102,4
Matt Rodda,@MattRodda,Labour,Reading East,6462,-1
Lloyd Russell-Moyle,@lloyd_rm,Labour,"Brighton, Kemptown",30072,5
Dr Rupa Huq ,@RupaHuq,Labour,Ealing Central and Acton,45913,8
Imran Hussain ,@Imran_HussainMP,Labour,Bradford East,18257,8
Alex Sobel,@alexsobel,Labour,Leeds North West,23167,0
Dan Jarvis ,@DanJarvisMP,Labour,Barnsley Central,71036,-2
Daniel Zeichner ,@DanielZeichner,Labour,Cambridge,20436,4
Jon Cruddas ,@JonCruddas_1,Labour,Dagenham and Rainham,20296,2
Diana Johnson ,@DianaJohnsonMP,Labour,Kingston upon Hull North,27572,4
Liz Twist,@LizTwistMP,Labour,Blaydon,3969,9
Gerald Jones ,@GeraldJonesLAB,Labour,Merthyr Tydfil and Rhymney,6813,2
Chris Bryant ,@RhonddaBryant,Labour,Rhondda,70056,2
Kevan Jones ,@KevanJonesMP,Labour,North Durham,22384,12
Mike Kane ,@MikeKaneMP,Labour,Wythenshawe and Sale East,11177,2
Khalid Mahmood,@khalid4PB,Labour,"Birmingham, Perry Barr",5686,2
Matt Western,@MattWestern_,Labour,Warwick and Leamington,8148,8
Barbara Keeley ,@KeeleyMP,Labour,Worsley and Eccles South,26039,4
Liz Kendall ,@leicesterliz,Labour,Leicester West,94198,10
Mohammad Yasin,@YasinForBedford,Labour,Bedford,2522,3
Stephen Kinnock ,@SKinnock,Labour,Aberavon,34143,-3
Janet Daby,@JanetDaby,Labour,Lewisham East,11046,11
Peter Kyle ,@peterkyle,Labour,Hove,38901,-2
Ruth Jones,@RuthNewportWest,Labour,Newport West,5703,4
Caroline Lucas ,@CarolineLucas,Green Party,"Brighton, Pavilion",489962,185
Chris Skidmore,@CSkidmoreUK,Conservative,Kingswood,22599,5
Pauline Latham ,@Pauline_Latham,Conservative,Mid Derbyshire,19727,5
Adam Afriyie ,@AdamAfriyie,Conservative,Windsor,16504,5
Gagan Mohindra,@gaganmohindra,Conservative,South West Hertfordshire,3643,4
Philip Dunne,@Dunne4Ludlow,Conservative,Ludlow,11344,4
Paul Bristow,@paulbristow79,Conservative,Peterborough,8631,-1
Peter Aldous ,@peter_aldous,Conservative,Waveney,11066,3
Andrea Leadsom ,@andrealeadsom,Conservative,South Northamptonshire,123058,5
Stephen Hammond,@S_Hammond,Conservative,Wimbledon,19522,8
Elizabeth Truss ,@trussliz,Conservative,South West Norfolk,110573,95
Robin John Millar,@RobinMillarMP,Conservative,Aberconwy,2901,3
Lucy Allan ,@lucyallan,Conservative,Telford,29089,-4
Edward Leigh ,@EdwardLeighMP,Conservative,Gainsborough,12568,0
Chloe Smith,@NorwichChloe,Conservative,Norwich North,18172,3
Steve Brine,@BrineMP,Conservative,Winchester,10907,2
Marcus Jones ,@Marcus4Nuneaton,Conservative,Nuneaton,9484,2
Johnny Mercer ,@JohnnyMercerUK,Conservative,"Plymouth, Moor View",80064,27
Caroline Nokes,@carolinenokes,Conservative,Romsey and Southampton North,21675,11
Caroline Ansell ,@Caroline_Ansell,Conservative,Eastbourne,5934,1
Greg Clark,@GregClarkMP,Conservative,Tunbridge Wells,32233,5
Brandon Lewis ,@BrandonLewis,Conservative,Great Yarmouth,57999,7
Jake Berry ,@JakeBerry,Conservative,Rossendale and Darwen,20128,-4
Jane Hunt,@JaneMHunt,Conservative,Loughborough,2954,1
Harriett Baldwin ,@hbaldwin,Conservative,West Worcestershire,27851,10
Stephen Barclay ,@SteveBarclay,Conservative,North East Cambridgeshire,32604,7
Derek Thomas ,@DerekThomasUK,Conservative,St Ives,5106,1
Jack Lopresti ,@JackLopresti,Conservative,Filton and Bradley Stoke,8326,-3
Tim Loughton ,@timloughton,Conservative,East Worthing and Shoreham,19644,1
Kieran John Mullan,@KieranMullanUK,Conservative,Crewe and Nantwich,3793,3
Steven Baker ,@SteveBakerHW,Conservative,Wycombe,105473,66
James Daly,@JamesDalyMP,Conservative,Bury North,4359,-5
Theo Clarke,@theodoraclarke,Conservative,Stafford,7100,3
Dehenna Davison,@DehennaDavison,Conservative,Bishop Auckland,35656,25
Paul Holmes,@pauljholmes,Conservative,Eastleigh,6584,7
Bob Blackman ,@BobBlackman,Conservative,Harrow East,24670,4
Jason McCartney ,@JasonMcCartney,Conservative,Colne Valley,17744,9
Luke Evans,@drlukeevans,Conservative,Bosworth,8188,1
Karl McCartney ,@karlmccartney,Conservative,Lincoln,10812,0
James Davies,@JamesDavies,Conservative,Vale of Clwyd,5729,0
Dean Russell,@dean4watford,Conservative,Watford,3110,2
Jacob Young,@JacobYoungMP,Conservative,Redcar,9078,10
Crispin Blunt ,@CrispinBlunt,Conservative,Reigate,11490,-1
Simon Fell,@simonfell,Conservative,Barrow and Furness,3730,2
Mark Jenkinson,@markjenkinsonmp,Conservative,Workington,4031,-2
Peter Bone ,@PeterBoneUK,Conservative,Wellingborough,38706,6
Katherine Fletcher,@K_Fletcher_MP,Conservative,South Ribble,3348,5
Chris Clarkson,@ChrisClarksonMP,Conservative,Heywood and Middleton,5353,4
Jo Gideon,@jogideon,Conservative,Stoke-on-Trent Central,3660,3
Craig Mackinlay ,@cmackinlay,Conservative,South Thanet,11201,8
Julie Marson,@JulieMarsonMP,Conservative,Hertford and Stortford,3910,4
Andrew Bridgen ,@ABridgen,Conservative,North West Leicestershire,35615,2
Richard Holden,@RicHolden,Conservative,North West Durham,7820,1
Selaine Saxby,@SelaineSaxby,Conservative,North Devon,3686,1
Stephen McPartland ,@SMcPartland,Conservative,Stevenage,13857,61
David Davis ,@DavidDavisMP,Conservative,Haltemprice and Howden,170996,84
Darren George Henry,@DarrenG_Henry,Conservative,Broxtowe,9827,1
James Brokenshire ,@JBrokenshire,Conservative,Old Bexley and Sidcup,29668,2
Guy Opperman ,@GuyOpperman,Conservative,Hexham,19203,5
Felicity Buchan,@FelicityBuchan,Conservative,Kensington,5541,-1
Matt Vickers,@Matt_VickersMP,Conservative,Stockton South,5594,3
Alan Mak ,@AlanMakMP,Conservative,Havant,9843,0
Stuart Andrew,@StuartAndrew,Conservative,Pudsey,19191,-4
Gareth Bacon,@GarethBaconMP,Conservative,Orpington,5216,0
Robert Buckland ,@RobertBuckland,Conservative,South Swindon,27821,0
Joy Morrissey,@joymorrissey,Conservative,Beaconsfield,15467,36
Kit Malthouse ,@kitmalthouse,Conservative,North West Hampshire,16660,8
Mark Eastwood,@mark4dewsbury,Conservative,Dewsbury,4303,2
Scott Mann ,@scottmann4NC,Conservative,North Cornwall,8554,5
Laurence Robertson ,@lrobertsonTewks,Conservative,Tewkesbury,3973,5
Jamie Hamilton Wallis,@JamieWallisMP,Conservative,Bridgend,2431,4
Craig Whittaker ,@CWhittaker_MP,Conservative,Calder Valley,9588,0
Gary Sambrook,@GarySambrook89,Conservative,"Birmingham, Northfield",4250,3
Suzanne Webb,@Q66Suzi,Conservative,Stourbridge,3856,14
Priti Patel ,@pritipatel,Conservative,Witham,313794,152
Alun Cairns ,@AlunCairns,Conservative,Vale of Glamorgan,13945,-2
Paul Maynard ,@PaulMaynardUK,Conservative,Blackpool North and Cleveleys,19027,6
Michael Gove ,@michaelgove,Conservative,Surrey Heath,219356,143
Theresa May ,@theresa_may,Conservative,Maidenhead,996584,-4
Neil Parish ,@neil_parish,Conservative,Tiverton and Honiton,6353,3
Huw Merriman ,@HuwMerriman,Conservative,Bexhill and Battle,18581,6
Gary Streeter ,@garystreeterSWD,Conservative,South West Devon,4686,6
Jacob Rees-Mogg ,@Jacob_Rees_Mogg,Conservative,North East Somerset,430342,92
Christian Wakeford,@Christian4BuryS,Conservative,Bury South,4267,6
James Cartlidge ,@jc4southsuffolk,Conservative,South Suffolk,9428,3
Maria Miller ,@MariaMillerUK,Conservative,Basingstoke,21041,2
William Cash ,@BillCashMP,Conservative,Stone,21233,-6
Amanda Milling ,@amandamilling,Conservative,Cannock Chase,13512,12
Scott Lloyd Benton,@ScottBentonMP,Conservative,Blackpool South,4025,-2
Maria Caulfield ,@mariacaulfield,Conservative,Lewes,21217,4
Nigel Mills ,@nigelmills,Conservative,Amber Valley,5069,5
Kwasi Kwarteng ,@KwasiKwarteng,Conservative,Spelthorne,18941,18
Alex Chalk ,@AlexChalkChelt,Conservative,Cheltenham,12592,2
Lucy Frazer ,@lucyfrazermp,Conservative,South East Cambridgeshire,8613,6
Luke Hall ,@LukeHall,Conservative,Thornbury and Yate,4841,0
Robert Courts ,@robertcourts,Conservative,Witney,9162,8
Rehman Chishti ,@Rehman_Chishti,Conservative,Gillingham and Rainham,18972,9
Penny Mordaunt ,@PennyMordaunt,Conservative,Portsmouth North,72370,2
Duncan Charles Baker,@duncancbaker,Conservative,North Norfolk,2968,5
Jo Churchill ,@Jochurchill4,Conservative,Bury St Edmunds,12070,7
Robbie Moore,@_RobbieMoore,Conservative,Keighley,4549,8
Dr Caroline Johnson ,@drcarolinej,Conservative,Sleaford and North Hykeham,6066,-1
Simon Baynes,@baynes_simon,Conservative,Clwyd South,4117,1
Anne Marie Morris ,@AnneMarieMorris,Conservative,Newton Abbot,20736,7
James Cleverly ,@JamesCleverly,Conservative,Braintree,94939,19
David Morris ,@davidmorrisml,Conservative,Morecambe and Lunesdale,13978,9
Amanda Solloway ,@ASollowayUK,Conservative,Derby North,4555,16
Sarah Atherton,@AthertonNWales,Conservative,Wrexham,6534,9
Wendy Morton ,@morton_wendy,Conservative,Aldridge-Brownhills,13976,26
Dr Thérèse Coffey ,@theresecoffey,Conservative,Suffolk Coastal,25932,2
Damian Collins ,@DamianCollins,Conservative,Folkestone and Hythe,30388,2
Alicia Kearns,@aliciakearns,Conservative,Rutland and Melton,13928,4
Charles Walker,@CharlesWalkerMP,Conservative,Broxbourne,26950,1342
Paul Howell,@PaulHowellMP,Conservative,Sedgefield,2398,3
Nigel Adams,@nadams,Conservative,Selby and Ainsty,11050,30
Robert Largan,@robertlargan,Conservative,High Peak,5838,5
Sheryll Murray ,@sheryllmurray,Conservative,South East Cornwall,18423,6
Bim Afolami,@BimAfolami,Conservative,Hitchin and Harpenden,13888,4
James Wild,@jamesowild,Conservative,North West Norfolk,2249,3
Dr Andrew Murrison ,@AWMurrison,Conservative,South West Wiltshire,15535,2
Aaron Bell,@AaronBell4NUL,Conservative,Newcastle-under-Lyme,4322,8
David Amess,@amessd_southend,Conservative,Southend West,4372,13
Alberto Costa ,@AlbertoCostaMP,Conservative,South Leicestershire,10334,3
Robert Neill ,@neill_bob,Conservative,Bromley and Chislehurst,16975,11
Geoffrey Cox QC ,@Geoffrey_Cox,Conservative,Torridge and West Devon,40994,2
Richard Bacon,@richardbaconmp,Conservative,South Norfolk,1473,0
Greg Smith,@gregsmith_uk,Conservative,Buckingham,6314,0
Jesse Norman ,@Jesse_Norman,Conservative,Hereford and South Herefordshire,26508,-1
Kemi Badenoch,@KemiBadenoch,Conservative,Saffron Walden,39605,8
Peter Gibson,@Gibbo4Darlo,Conservative,Darlington,2350,-1
Stephen Crabb ,@SCrabbPembs,Conservative,Preseli Pembrokeshire,22892,0
Laura Farris,@Laura__Farris,Conservative,Newbury,6183,3
Siobhan Baillie,@Siobhan_Baillie,Conservative,Stroud,9932,7
Ben Spencer,@DrBenSpencer,Conservative,Runnymede and Weybridge,4349,3
Anthony Mangnall,@AnthonyMangnal1,Conservative,Totnes,5011,1
Tracey Crouch ,@tracey_crouch,Conservative,Chatham and Aylesford,36056,6
Tom Hunt,@tomhunt1988,Conservative,Ipswich,8802,10
Ruth Edwards,@RuthEdwardsMP,Conservative,Rushcliffe,3839,6
Andrew Bowie,@AndrewBowie_MP,Conservative,West Aberdeenshire and Kincardine,14593,40
Gareth Davies,@GarethDavies_MP,Conservative,Grantham and Stamford,6952,0
Ben Bradley,@BBradley_Mans,Conservative,Mansfield,33417,-3
Lia Nici,@lia_nici,Conservative,Great Grimsby,2731,1
Stuart Paul Anderson,@Stuart4WolvesSW,Conservative,Wolverhampton South West,6145,1
Owen Paterson ,@OwenPaterson,Conservative,North Shropshire,49478,1
Graham Brady,@SirGrahamBrady,Conservative,Altrincham and Sale West,14333,86
David T. C. Davies ,@DavidTCDavies,Conservative,Monmouth,16008,0
Mark Pawsey ,@MarkPawsey,Conservative,Rugby,7272,4
Nickie Aiken,@twocitiesnickie,Conservative,Cities of London and Westminster,2299,1
Alex Burghart,@alexburghart,Conservative,Brentwood and Ongar,4146,2
Antony Higginbotham,@antony_hig,Conservative,Burnley,3305,-1
Mims Davies ,@mimsdavies,Conservative,Mid Sussex,15870,11
John Penrose ,@JohnPenroseNews,Conservative,Weston-super-Mare,37567,1
Philip Davies ,@PhilipDaviesUK,Conservative,Shipley,20970,-4
Sara Britcliffe,@SarBritcliffeMP,Conservative,Hyndburn,4726,-2
David Simmonds,@DSimmonds_RNP,Conservative,"Ruislip, Northwood and Pinner",3196,0
Caroline Dinenage ,@cj_dinenage,Conservative,Gosport,21343,7
Jonathan Djanogly ,@JDjanogly,Conservative,Huntingdon,19125,6
Elliot Colburn,@ElliotColburn,Conservative,Carshalton and Wallington,6364,2
Chris Philp ,@CPhilpOfficial,Conservative,Croydon South,12727,38
Marco Longhi,@marcolonghi4dn,Conservative,Dudley North,3383,9
Simon Clarke,@SimonClarkeMP,Conservative,Middlesbrough South and East Cleveland,16750,8
Lee Anderson,@LeeAndersonMP,Conservative,Ashfield,116,2
Christopher Pincher ,@ChrisPincher,Conservative,Tamworth,20119,10
Nicola Faye Richards,@Nicola4WBE,Conservative,West Bromwich East,7324,8
Michelle Donelan ,@michelledonelan,Conservative,Chippenham,18124,31
Rebecca Pow ,@pow_rebecca,Conservative,Taunton Deane,13062,11
Brendan Clarke-Smith,@Bren4Bassetlaw,Conservative,Bassetlaw,2413,1
Steve Double ,@stevedouble,Conservative,St Austell and Newquay,14388,-2
Angela Richardson,@AJRichardsonMP,Conservative,Guildford,7295,3
Victoria Prentis ,@VictoriaPrentis,Conservative,Banbury,12039,9
Leo Docherty,@LeoDochertyUK,Conservative,Aldershot,5590,2
Andy Carter,@MrAndy_Carter,Conservative,Warrington South,5003,4
Jackie Doyle-Price ,@JackieDP,Conservative,Thurrock,12404,-3
Mark Pritchard ,@MPritchardUK,Conservative,The Wrekin,10442,3
Julia Lopez,@JuliaLopezMP,Conservative,Hornchurch and Upminster,5982,6
Tom Pursglove ,@VotePursglove,Conservative,Corby,12837,6
Oliver Dowden,@OliverDowden,Conservative,Hertsmere,30188,56
James Duddridge ,@JamesDuddridge,Conservative,Rochford and Southend East,25705,126
Will Quince ,@willquince,Conservative,Colchester,16576,2
Natalie Elphicke,@NatalieElphicke,Conservative,Dover,5508,3
Danny Kruger,@danny__kruger,Conservative,Devizes,10215,6
Jerome Mayhew,@JeromeMayhew,Conservative,Broadland,2171,5
John Redwood ,@johnredwood,Conservative,Wokingham,98152,36
David Duguid,@david_duguid,Conservative,Banff and Buchan,5725,8
David Johnston,@david4wantage,Conservative,Wantage,2223,0
Iain Duncan Smith,@MPIainDS,Conservative,Chingford and Woodford Green,49525,25
Jane Stevenson,@Jane_Stevenson_,Conservative,Wolverhampton North East,4254,4
Neil Hudson,@DrNeilHudson,Conservative,Penrith and The Border,3099,3
Nigel Evans,@nigelmp,Conservative,Ribble Valley,13620,-6
Alexander Stafford,@Alex_Stafford,Conservative,Rother Valley,5102,2
Claire Coutinho,@ClaireCoutinho,Conservative,East Surrey,6889,2
Sally-Ann Hart,@SallyAnn1066,Conservative,Hastings and Rye,3239,1
Michael Ellis ,@Michael_Ellis1,Conservative,Northampton North,13300,9
Sarah Dines,@Dines4Dales,Conservative,Derbyshire Dales,1466,5
Vicky Ford,@vickyford,Conservative,Chelmsford,19974,9
Ben Everitt,@Ben_Everitt,Conservative,Milton Keynes North,6690,9
Simon Jupp,@simonjamesjupp,Conservative,East Devon,5557,5
Mary Robinson ,@MaryRobinson01,Conservative,Cheadle,9181,6
Cherilyn Mackrory,@thisischerilyn,Conservative,Truro and Falmouth,2531,22
David Evennett ,@DavidEvennett,Conservative,Bexleyheath and Crayford,13825,5
Andrew Rosindell ,@AndrewRosindell,Conservative,Romford,20796,10
Roger Gale,@SirRogerGale,Conservative,North Thanet,6136,-4
Chris Loder,@chrisloder,Conservative,West Dorset,5443,1
Michael Fabricant ,@Mike_Fabricant,Conservative,Lichfield,39358,0
David Rutley ,@DavidRutley,Conservative,Macclesfield,13210,4
Anthony Browne,@ab4scambs,Conservative,South Cambridgeshire,3888,2
Tom Randall,@Tom_Randall,Conservative,Gedling,3525,6
Suella Fernandes ,@SuellaBraverman,Conservative,Fareham,30153,4
Paul Scully ,@scullyp,Conservative,Sutton and Cheam,14431,31
Grant Shapps ,@grantshapps,Conservative,Welwyn Hatfield,124030,26
Alok Sharma ,@AlokSharma_RDG,Conservative,Reading West,43564,83
Shaun Bailey,@Shaun4WBW,Conservative,West Bromwich West,3339,6
Kevin Foster ,@kevin_j_foster,Conservative,Torbay,7548,3
Alec Shelbrooke ,@AlecShelbrooke,Conservative,Elmet and Rothwell,16092,-2
Saqib Bhatti,@bhatti_saqib,Conservative,Meriden,6894,0
Dr Liam Fox ,@LiamFox,Conservative,North Somerset,101734,146
George Freeman ,@GeorgeFreemanMP,Conservative,Mid Norfolk,28288,-1
Rob Butler,@AylesburyTories,Conservative,Aylesbury,1042,0
Marcus Fysh ,@MarcusFysh,Conservative,Yeovil,15868,1
Fay Alicia Jones,@JonesyFay,Conservative,Brecon and Radnorshire,5842,0
Nicholas Fletcher,@NickFletcherMP,Conservative,Don Valley,2533,1
Imran Nasir Ahmad Khan,@imranahmadkhan,Conservative,Wakefield,5829,1
Mark Garnier ,@Mark4WyreForest,Conservative,Wyre Forest,15849,2
Henry Smith ,@HenrySmithUK,Conservative,Crawley,16964,3
Nusrat Ghani ,@Nus_Ghani,Conservative,Wealden,21457,10
Eddie Hughes,@EddieHughes4WN,Conservative,Walsall North,10937,9
Julian Smith ,@JulianSmithUK,Conservative,Skipton and Ripon,32632,7
Andrew Griffith,@griffitha,Conservative,Arundel and South Downs,3690,30
Cheryl Gillan ,@CherylGillan,Conservative,Chesham and Amersham,14012,3
Royston Smith ,@Royston_Smith,Conservative,"Southampton, Itchen",7426,26
John Glen ,@JohnGlenUK,Conservative,Salisbury,22485,12
James Sunderland,@JamesSunderl,Conservative,Bracknell,2872,4
Gillian Keegan,@GillianKeegan,Conservative,Chichester,11836,8
Mark Spencer ,@Mark_Spencer,Conservative,Sherwood,17665,20
Richard Graham ,@RichardGrahamUK,Conservative,Gloucester,12359,3
Andrew Stephenson ,@Andrew4Pendle,Conservative,Pendle,24700,1
Helen Grant ,@HelenGrantMP,Conservative,Maidstone and The Weald,19313,10
James Gray ,@JGray,Conservative,North Wiltshire,18208,13
John Stevenson ,@John4Carlisle,Conservative,Carlisle,13088,8
John Lamont,@John2Win,Conservative,"Berwickshire, Roxburgh and Selkirk",11254,15
Iain Stewart ,@iainastewart,Conservative,Milton Keynes South,17981,3
Andrew Lewer,@ALewerMBE,Conservative,Northampton South,4675,1
Damian Green ,@DamianGreen,Conservative,Ashford,20154,1
Graham Stuart ,@grahamstuart,Conservative,Beverley and Holderness,16720,15
Desmond Swayne ,@DesmondSwayne,Conservative,New Forest West,42946,186
Robert Syms ,@RobertSyms,Conservative,Poole,11391,4
Jonathan Lord,@JonathanLord,Conservative,Woking,2294,3
Rachel Maclean,@redditchrachel,Conservative,Redditch,10454,7
Robert Halfon ,@halfon4harlowMP,Conservative,Harlow,35329,12
Maggie Throup ,@maggie_erewash,Conservative,Erewash,1259,2
Matthew Hancock ,@MattHancock,Conservative,West Suffolk,406295,317
Kelly Tolhurst ,@KellyTolhurst,Conservative,Rochester and Strood,15254,2
Greg Hands ,@GregHands,Conservative,Chelsea and Fulham,36746,6
Justin Tomlinson ,@JustinTomlinson,Conservative,North Swindon,20549,13
Esther McVey,@EstherMcVey1,Conservative,Tatton,61673,-9
Michael Tomlinson ,@Michael4MDNP,Conservative,Mid Dorset and North Poole,10208,5
Craig Tracey ,@craig4nwarks,Conservative,North Warwickshire,8914,2
Mark Harper ,@Mark_J_Harper,Conservative,Forest of Dean,27580,369
Anne-Marie Trevelyan ,@annietrev,Conservative,Berwick-upon-Tweed,21850,22
Tom Tugendhat ,@TomTugendhat,Conservative,Tonbridge and Malling,57506,14
Rebecca Harris ,@RebeccaHarrisMP,Conservative,Castle Point,6640,0
Simon Hart ,@Simonhartmp,Conservative,Carmarthen West and South Pembrokeshire,9529,2
Neil O'Brien,@NeilDotObrien,Conservative,Harborough,35332,-11
Oliver Heald QC ,@OliverHealdUK,Conservative,North East Hertfordshire,11533,-1
James Heappey ,@JSHeappey,Conservative,Wells,14041,1
Chris Heaton-Harris ,@chhcalling,Conservative,Daventry,21914,9
Martin Vickers ,@MartinVickers,Conservative,Cleethorpes,12709,6
Robin Walker ,@WalkerWorcester,Conservative,Worcester,14282,3
Ben Wallace ,@BWallaceMP,Conservative,Wyre and Preston North,19922,8
David Warburton ,@DJWarburton,Conservative,Somerton and Frome,14364,12
Matt Warman ,@mattwarman,Conservative,Boston and Skegness,19418,3
Simon Hoare ,@Simon4NDorset,Conservative,North Dorset,16948,6
Dominic Raab,@DominicRaab,Conservative,Esher and Walton,306489,332
Helen Whately ,@Helen_Whately,Conservative,Faversham and Mid Kent,23736,11
Heather Wheeler ,@HeatherWheeler,Conservative,South Derbyshire,19827,2
Kevin Hollinrake ,@kevinhollinrake,Conservative,Thirsk and Malton,11579,11
Douglas Ross,@Douglas4Moray,Conservative,Moray,29594,127
Craig Williams ,@craig4monty,Conservative,Montgomeryshire,5239,1
John Howell ,@JHowellUK,Conservative,Henley,7340,8
Lee Benjamin Rowley,@Lee4NED,Conservative,North East Derbyshire,9900,0
Gavin Williamson ,@GavinWilliamson,Conservative,South Staffordshire,97650,191
Nigel Huddleston ,@HuddlestonNigel,Conservative,Mid Worcestershire,15751,4
Jeremy Hunt ,@Jeremy_Hunt,Conservative,South West Surrey,222833,-5
Bob Seely,@IoWBobSeely,Conservative,Isle of Wight,12749,1
Mike Wood ,@mikejwood,Conservative,Dudley South,6540,1
William Wragg ,@William_Wragg,Conservative,Hazel Grove,13638,17
Nadhim Zahawi ,@nadhimzahawi,Conservative,Stratford-on-Avon,55407,150
Sajid Javid ,@sajidjavid,Conservative,Bromsgrove,210170,29
Mel Stride,@MelJStride,Conservative,Central Devon,6021,1
Ranil Jayawardena ,@TeamRanil,Conservative,North East Hampshire,2034,2
David Mundell ,@DavidMundellDCT,Conservative,"Dumfriesshire, Clydesdale & Tweeddale",16564,6
Bernard Jenkin ,@bernardjenkin,Conservative,Harwich and North Essex,36354,-2
Julian Sturdy,@JulianSturdy,Conservative,York Outer,1922,4
Andrea Jenkyns ,@andreajenkyns,Conservative,Morley and Outwood,61076,32
John Whittingdale ,@JWhittingdale,Conservative,Maldon,8529,2
Rishi Sunak,@RishiSunak,Conservative,Richmond (Yorks),458205,254
Robert Jenrick ,@RobertJenrick,Conservative,Newark,50099,22
Boris Johnson ,@BorisJohnson,Conservative,Uxbridge and South Ruislip,3368480,1833
David Jones ,@DavidJonesMP,Conservative,Clwyd West,13761,5
Shailesh Vara,@ShaileshVara,Conservative,North West Cambridgeshire,4224,-1
Stephen Metcalfe ,@Metcalfe_SBET,Conservative,South Basildon and East Thurrock,6874,3
Andrew Selous ,@AndrewSelous,Conservative,South West Bedfordshire,20434,11
Giles Watling,@GilesWatling,Conservative,Clacton,4264,2
Daniel Kawczynski ,@DKShrewsbury,Conservative,Shrewsbury and Atcham,25589,24
Nick Gibb,@NickGibbUK,Conservative,Bognor Regis and Littlehampton,18225,1
Chris Green,@CGreenUK,Conservative,Bolton West,12147,1
Tobias Ellwood,@Tobias_Ellwood,Conservative,Bournemouth East,60303,2
Conor Burns,@ConorBurnsUK,Conservative,Bournemouth West,23270,-1
Edward Timpson,@edwardtimpson,Conservative,Eddisbury,6292,3
James Morris,@JamesMorris,Conservative,Halesowen and Rowley Regis,8575,5
Julian Knight ,@julianknight15,Conservative,Solihull,11749,28
Damian Hinds,@DamianHinds,Conservative,East Hampshire,33510,-5
Greg Knight ,@GregKnight,Conservative,East Yorkshire,11067,5
Andrew Jones,@AJonesMP,Conservative,Harrogate and Knaresborough,15699,6
Matthew Offord,@Offord4Hendon,Conservative,Hendon,9680,14
Eleanor Laing ,@eleanor4epping,Conservative,Epping Forest,8220,31
